{"cameraMode":{"drawMode":0,"name":"Shaded","section":"Shading Mode"},"sceneLighting":true,"audioPlay":false,"sceneViewState":{"m_AlwaysRefresh":false,"showFog":true,"showSkybox":true,"showFlares":true,"showImageEffects":true,"showParticleSystems":true,"showVisualEffectGraphs":true,"m_FxEnabled":true},"in2DMode":false,"pivot":{"x":357.7177429199219,"y":30.44866943359375,"z":502.7504577636719},"rotation":{"x":0.6964138746261597,"y":0.003229339374229312,"z":-0.0031338841654360296,"w":0.7176260948181152},"size":501.6445617675781,"orthographic":true}